Date,Actual Home Loan Interest Rate,Raw Australia Historic Variable Home Loan Interest Rate,Adjusted Australia Historic Variable Home Loan Interest Rate,High Interest Savings Account Rate
YYYY-MM-DD,%,%,%,%
1/01/1959,,5,3.6,2.2
1/02/1959,,5,3.6,2.2
1/03/1959,,5,3.6,2.2
1/04/1959,,5,3.6,2.2
1/05/1959,,5,3.6,2.2
1/06/1959,,5,3.6,2.2
1/07/1959,,5,3.6,2.2
1/08/1959,,5,3.6,2.2
1/09/1959,,5,3.6,2.2
1/10/1959,,5,3.6,2.2
1/11/1959,,5,3.6,2.2
1/12/1959,,5,3.6,2.2
1/01/1960,,5,3.6,2.2
1/02/1960,,5,3.6,2.2
1/03/1960,,5,3.6,2.2
1/04/1960,,5,3.6,2.2
1/05/1960,,5,3.6,2.2
1/06/1960,,5,3.6,2.2
1/07/1960,,5,3.6,2.2
1/08/1960,,5,3.6,2.2
1/09/1960,,5,3.6,2.2
1/10/1960,,5,3.6,2.2
1/11/1960,,5,3.6,2.2
1/12/1960,,5,3.6,2.2
1/01/1961,,5.5,4.1,2.2
1/02/1961,,5.5,4.1,2.2
1/03/1961,,5.5,4.1,2.2
1/04/1961,,5.5,4.1,2.2
1/05/1961,,5.5,4.1,2.2
1/06/1961,,5.5,4.1,2.2
1/07/1961,,5.5,4.1,2.2
1/08/1961,,5.5,4.1,2.2
1/09/1961,,5.5,4.1,2.2
1/10/1961,,5.5,4.1,2.2
1/11/1961,,5.5,4.1,2.2
1/12/1961,,5.5,4.1,2.2
1/01/1962,,5.5,4.1,2.2
1/02/1962,,5.5,4.1,2.2
1/03/1962,,5.5,4.1,2.2
1/04/1962,,5.5,4.1,2.2
1/05/1962,,5.5,4.1,2.2
1/06/1962,,5.5,4.1,2.2
1/07/1962,,5.5,4.1,2.2
1/08/1962,,5.5,4.1,2.2
1/09/1962,,5.5,4.1,2.2
1/10/1962,,5.5,4.1,2.2
1/11/1962,,5.5,4.1,2.2
1/12/1962,,5.5,4.1,2.2
1/01/1963,,5.5,4.1,2.2
1/02/1963,,5.5,4.1,2.2
1/03/1963,,5.5,4.1,2.2
1/04/1963,,5,3.6,2.2
1/05/1963,,5,3.6,2.2
1/06/1963,,5,3.6,2.2
1/07/1963,,5,3.6,2.2
1/08/1963,,5,3.6,2.2
1/09/1963,,5,3.6,2.2
1/10/1963,,5,3.6,2.2
1/11/1963,,5,3.6,2.2
1/12/1963,,5,3.6,2.2
1/01/1964,,5,3.6,2.2
1/02/1964,,5,3.6,2.2
1/03/1964,,5,3.6,2.2
1/04/1964,,5,3.6,2.2
1/05/1964,,5,3.6,2.2
1/06/1964,,5.13,3.73,2.2
1/07/1964,,5.13,3.73,2.2
1/08/1964,,5.13,3.73,2.2
1/09/1964,,5.13,3.73,2.2
1/10/1964,,5.13,3.73,2.2
1/11/1964,,5.13,3.73,2.2
1/12/1964,,5.13,3.73,2.2
1/01/1965,,5.13,3.73,2.2
1/02/1965,,5.13,3.73,2.2
1/03/1965,,5.13,3.73,2.2
1/04/1965,,5.38,3.98,2.2
1/05/1965,,5.38,3.98,2.2
1/06/1965,,5.38,3.98,2.2
1/07/1965,,5.38,3.98,2.2
1/08/1965,,5.38,3.98,2.2
1/09/1965,,5.38,3.98,2.2
1/10/1965,,5.38,3.98,2.2
1/11/1965,,5.38,3.98,2.2
1/12/1965,,5.38,3.98,2.2
1/01/1966,,5.38,3.98,2.2
1/02/1966,,5.38,3.98,2.2
1/03/1966,,5.38,3.98,2.2
1/04/1966,,5.38,3.98,2.2
1/05/1966,,5.38,3.98,2.2
1/06/1966,,5.38,3.98,2.2
1/07/1966,,5.38,3.98,2.2
1/08/1966,,5.38,3.98,2.2
1/09/1966,,5.38,3.98,2.2
1/10/1966,,5.38,3.98,2.2
1/11/1966,,5.38,3.98,2.2
1/12/1966,,5.38,3.98,2.2
1/01/1967,,5.38,3.98,2.2
1/02/1967,,5.38,3.98,2.2
1/03/1967,,5.38,3.98,2.2
1/04/1967,,5.38,3.98,2.2
1/05/1967,,5.38,3.98,2.2
1/06/1967,,5.38,3.98,2.2
1/07/1967,,5.38,3.98,2.2
1/08/1967,,5.38,3.98,2.2
1/09/1967,,5.38,3.98,2.2
1/10/1967,,5.38,3.98,2.2
1/11/1967,,5.38,3.98,2.2
1/12/1967,,5.38,3.98,2.2
1/01/1968,,5.38,3.98,2.2
1/02/1968,,5.38,3.98,2.2
1/03/1968,,5.38,3.98,2.2
1/04/1968,,5.38,3.98,2.2
1/05/1968,,5.38,3.98,2.2
1/06/1968,,5.38,3.98,2.2
1/07/1968,,5.38,3.98,2.2
1/08/1968,,5.88,4.48,2.2
1/09/1968,,5.88,4.48,2.2
1/10/1968,,5.88,4.48,2.2
1/11/1968,,5.88,4.48,2.2
1/12/1968,,5.88,4.48,2.2
1/01/1969,,5.88,4.48,2.2
1/02/1969,,5.88,4.48,2.2
1/03/1969,,5.88,4.48,2.2
1/04/1969,,5.88,4.48,2.2
1/05/1969,,5.88,4.48,2.2
1/06/1969,,5.88,4.48,2.2
1/07/1969,,5.88,4.48,2.2
1/08/1969,,5.88,4.48,2.2
1/09/1969,,5.88,4.48,2.2
1/10/1969,,5.88,4.48,2.2
1/11/1969,,5.88,4.48,2.2
1/12/1969,,5.88,4.48,2.2
1/01/1970,,5.88,4.48,2.2
1/02/1970,,5.88,4.48,2.2
1/03/1970,,5.88,4.48,2.2
1/04/1970,,7.25,5.85,2.2
1/05/1970,,7.25,5.85,2.2
1/06/1970,,7.25,5.85,2.2
1/07/1970,,7.25,5.85,2.2
1/08/1970,,7.25,5.85,2.2
1/09/1970,,7.25,5.85,2.2
1/10/1970,,7.25,5.85,2.2
1/11/1970,,7.25,5.85,2.2
1/12/1970,,7.25,5.85,2.2
1/01/1971,,7.25,5.85,2.2
1/02/1971,,7.25,5.85,2.2
1/03/1971,,7.25,5.85,2.2
1/04/1971,,7.25,5.85,2.2
1/05/1971,,7.25,5.85,2.2
1/06/1971,,7.25,5.85,2.2
1/07/1971,,7.25,5.85,2.2
1/08/1971,,7.25,5.85,2.2
1/09/1971,,7.25,5.85,2.2
1/10/1971,,7.25,5.85,2.2
1/11/1971,,7.25,5.85,2.2
1/12/1971,,7.25,5.85,2.2
1/01/1972,,7.25,5.85,2.2
1/02/1972,,7,5.6,2.2
1/03/1972,,7,5.6,2.2
1/04/1972,,7,5.6,2.2
1/05/1972,,7,5.6,2.2
1/06/1972,,7,5.6,2.2
1/07/1972,,7,5.6,2.2
1/08/1972,,7,5.6,2.2
1/09/1972,,7,5.6,2.2
1/10/1972,,7,5.6,2.2
1/11/1972,,7,5.6,2.2
1/12/1972,,7,5.6,2.2
1/01/1973,,7,5.6,2.2
1/02/1973,,7,5.6,2.2
1/03/1973,,7,5.6,2.2
1/04/1973,,7,5.6,2.2
1/05/1973,,7,5.6,2.2
1/06/1973,,7,5.6,2.2
1/07/1973,,7,5.6,2.2
1/08/1973,,7,5.6,2.2
1/09/1973,,7,5.6,2.2
1/10/1973,,8.38,6.98,2.2
1/11/1973,,8.38,6.98,2.2
1/12/1973,,8.38,6.98,2.2
1/01/1974,,8.38,6.98,2.2
1/02/1974,,8.38,6.98,2.2
1/03/1974,,8.38,6.98,2.2
1/04/1974,,8.38,6.98,2.2
1/05/1974,,8.38,6.98,2.2
1/06/1974,,8.38,6.98,2.2
1/07/1974,,10.38,8.98,2.2
1/08/1974,,10.38,8.98,2.2
1/09/1974,,10.38,8.98,2.2
1/10/1974,,10.38,8.98,2.2
1/11/1974,,10.38,8.98,2.2
1/12/1974,,10.38,8.98,2.2
1/01/1975,,10.38,8.98,2.2
1/02/1975,,10.38,8.98,2.2
1/03/1975,,10.38,8.98,2.2
1/04/1975,,10.13,8.73,2.2
1/05/1975,,10.13,8.73,2.2
1/06/1975,,10.13,8.73,2.2
1/07/1975,,10.13,8.73,2.2
1/08/1975,,10.13,8.73,2.2
1/09/1975,,10.38,8.98,2.2
1/10/1975,,10.38,8.98,2.2
1/11/1975,,10.38,8.98,2.2
1/12/1975,,10.38,8.98,2.2
1/01/1976,,10.38,8.98,2.2
1/02/1976,,9.88,8.48,2.2
1/03/1976,,9.88,8.48,2.2
1/04/1976,,9.88,8.48,2.2
1/05/1976,,9.88,8.48,2.2
1/06/1976,,9.88,8.48,2.2
1/07/1976,,9.88,8.48,2.2
1/08/1976,,9.88,8.48,2.2
1/09/1976,,9.88,8.48,2.2
1/10/1976,,9.88,8.48,2.2
1/11/1976,,9.88,8.48,2.2
1/12/1976,,9.88,8.48,2.2
1/01/1977,,9.88,8.48,2.2
1/02/1977,,9.88,8.48,2.2
1/03/1977,,9.88,8.48,2.2
1/04/1977,,9.88,8.48,2.2
1/05/1977,,9.88,8.48,2.2
1/06/1977,,9.88,8.48,2.2
1/07/1977,,9.88,8.48,2.2
1/08/1977,,9.88,8.48,2.2
1/09/1977,,9.88,8.48,2.2
1/10/1977,,9.88,8.48,2.2
1/11/1977,,9.88,8.48,2.2
1/12/1977,,9.88,8.48,2.2
1/01/1978,,9.63,8.23,2.2
1/02/1978,,9.38,7.98,2.2
1/03/1978,,9.38,7.98,2.2
1/04/1978,,9.38,7.98,2.2
1/05/1978,,9.38,7.98,2.2
1/06/1978,,9.38,7.98,2.2
1/07/1978,,9.38,7.98,2.2
1/08/1978,,9.38,7.98,2.2
1/09/1978,,9.38,7.98,2.2
1/10/1978,,9.38,7.98,2.2
1/11/1978,,9.38,7.98,2.2
1/12/1978,,9.13,7.73,2.2
1/01/1979,,9.13,7.73,2.2
1/02/1979,,9.13,7.73,2.2
1/03/1979,,9.13,7.73,2.2
1/04/1979,,9.13,7.73,2.2
1/05/1979,,9.13,7.73,2.2
1/06/1979,,9.13,7.73,2.2
1/07/1979,,9.13,7.73,2.2
1/08/1979,,9.13,7.73,2.2
1/09/1979,,9.13,7.73,2.2
1/10/1979,,9.13,7.73,2.2
1/11/1979,,9.13,7.73,2.2
1/12/1979,,9.13,7.73,2.2
1/01/1980,,9.13,7.73,2.2
1/02/1980,,9.13,7.73,2.2
1/03/1980,,9.63,8.23,2.2
1/04/1980,,9.88,8.48,2.2
1/05/1980,,9.88,8.48,2.2
1/06/1980,,9.88,8.48,2.2
1/07/1980,,10.25,8.85,2.2
1/08/1980,,10.25,8.85,2.2
1/09/1980,,10.25,8.85,2.2
1/10/1980,,10.25,8.85,2.2
1/11/1980,,10.25,8.85,2.2
1/12/1980,,11,9.6,2.2
1/01/1981,,11.5,10.1,2.2
1/02/1981,,11.5,10.1,2.2
1/03/1981,,11.5,10.1,2.2
1/04/1981,,11.5,10.1,2.2
1/05/1981,,11.5,10.1,2.2
1/06/1981,,11.5,10.1,2.2
1/07/1981,,11.5,10.1,2.2
1/08/1981,,12,10.6,2.2
1/09/1981,,12,10.6,2.2
1/10/1981,,12.5,11.1,2.2
1/11/1981,,12.5,11.1,2.2
1/12/1981,,12.5,11.1,2.2
1/01/1982,,12.5,11.1,2.2
1/02/1982,,12.5,11.1,2.2
1/03/1982,,13,11.6,2.2
1/04/1982,,13.5,12.1,2.2
1/05/1982,,13.5,12.1,2.2
1/06/1982,,13.5,12.1,2.2
1/07/1982,,13.5,12.1,2.2
1/08/1982,,13.5,12.1,2.2
1/09/1982,,13.5,12.1,2.2
1/10/1982,,13.5,12.1,2.2
1/11/1982,,13.5,12.1,2.2
1/12/1982,,13.5,12.1,2.2
1/01/1983,,13.5,12.1,2.2
1/02/1983,,12.5,11.1,2.2
1/03/1983,,12.5,11.1,2.2
1/04/1983,,12.5,11.1,2.2
1/05/1983,,12.5,11.1,2.2
1/06/1983,,12.5,11.1,2.2
1/07/1983,,12.5,11.1,2.2
1/08/1983,,12.5,11.1,2.2
1/09/1983,,12,10.6,2.2
1/10/1983,,12,10.6,2.2
1/11/1983,,12,10.6,2.2
1/12/1983,,12,10.6,2.2
1/01/1984,,11.5,10.1,2.2
1/02/1984,,11.5,10.1,2.2
1/03/1984,,11.5,10.1,2.2
1/04/1984,,11.5,10.1,2.2
1/05/1984,,11.5,10.1,2.2
1/06/1984,,11.5,10.1,2.2
1/07/1984,,11.5,10.1,2.2
1/08/1984,,11.5,10.1,2.2
1/09/1984,,11.5,10.1,2.2
1/10/1984,,11.5,10.1,2.2
1/11/1984,,11.5,10.1,2.2
1/12/1984,,11.5,10.1,2.2
1/01/1985,,11.5,10.1,2.2
1/02/1985,,11.5,10.1,2.2
1/03/1985,,11.5,10.1,2.2
1/04/1985,,12,10.6,2.2
1/05/1985,,12,10.6,2.2
1/06/1985,,12,10.6,2.2
1/07/1985,,12.5,11.1,2.2
1/08/1985,,12.5,11.1,2.2
1/09/1985,,13,11.6,2.2
1/10/1985,,13.5,12.1,2.2
1/11/1985,,13.5,12.1,2.2
1/12/1985,,13.5,12.1,2.2
1/01/1986,,13.5,12.1,2.2
1/02/1986,,13.5,12.1,2.2
1/03/1986,,13.5,12.1,2.2
1/04/1986,,15.5,14.1,2.2
1/05/1986,,15.5,14.1,2.2
1/06/1986,,15.5,14.1,2.2
1/07/1986,,15.5,14.1,2.2
1/08/1986,,15.5,14.1,2.2
1/09/1986,,15.5,14.1,2.2
1/10/1986,,15.5,14.1,2.2
1/11/1986,,15.5,14.1,2.2
1/12/1986,,15.5,14.1,2.2
1/01/1987,,15.5,14.1,2.2
1/02/1987,,15.5,14.1,2.2
1/03/1987,,15.5,14.1,2.2
1/04/1987,,15.5,14.1,2.2
1/05/1987,,15.5,14.1,2.2
1/06/1987,,15.5,14.1,2.2
1/07/1987,,15.5,14.1,2.2
1/08/1987,,15,13.6,2.2
1/09/1987,,15,13.6,2.2
1/10/1987,,14.5,13.1,2.2
1/11/1987,,14,12.6,2.2
1/12/1987,,14,12.6,2.2
1/01/1988,,14,12.6,2.2
1/02/1988,,13.5,12.1,2.2
1/03/1988,,13.5,12.1,2.2
1/04/1988,,13.5,12.1,2.2
1/05/1988,,13.5,12.1,2.2
1/06/1988,,13.5,12.1,2.2
1/07/1988,,14.5,13.1,2.2
1/08/1988,,14.5,13.1,2.2
1/09/1988,,14.5,13.1,2.2
1/10/1988,,14.5,13.1,2.2
1/11/1988,,14.5,13.1,2.2
1/12/1988,,15,13.6,2.2
1/01/1989,,15,13.6,2.2
1/02/1989,,15.5,14.1,2.2
1/03/1989,,16,14.6,2.2
1/04/1989,,16,14.6,2.2
1/05/1989,,16,14.6,2.2
1/06/1989,,17,15.6,2.2
1/07/1989,,17,15.6,2.2
1/08/1989,,17,15.6,2.2
1/09/1989,,17,15.6,2.2
1/10/1989,,17,15.6,2.2
1/11/1989,,17,15.6,2.2
1/12/1989,,17,15.6,2.2
1/01/1990,,17,15.6,2.2
1/02/1990,,17,15.6,2.2
1/03/1990,,17,15.6,2.2
1/04/1990,,16.5,15.1,2.2
1/05/1990,,16.5,15.1,2.2
1/06/1990,,16.5,15.1,2.2
1/07/1990,,16.5,15.1,2.2
1/08/1990,,16.5,15.1,2.2
1/09/1990,,16.25,14.85,2.2
1/10/1990,,16,14.6,2.2
1/11/1990,,15.5,14.1,2.2
1/12/1990,,15,13.6,2.2
1/01/1991,,14.5,13.1,2.2
1/02/1991,,14.5,13.1,2.2
1/03/1991,,14.5,13.1,2.2
1/04/1991,,14.5,13.1,2.2
1/05/1991,,14,12.6,2.2
1/06/1991,,13,11.6,2.2
1/07/1991,,13,11.6,2.2
1/08/1991,,13,11.6,2.2
1/09/1991,,13,11.6,2.2
1/10/1991,,12.5,11.1,2.2
1/11/1991,,12.5,11.1,2.2
1/12/1991,,12,10.6,2.2
1/01/1992,,12,10.6,2.2
1/02/1992,,11,9.6,2.2
1/03/1992,,11,9.6,2.2
1/04/1992,,11,9.6,2.2
1/05/1992,,11,9.6,2.2
1/06/1992,,10.5,9.1,2.2
1/07/1992,,10.5,9.1,2.2
1/08/1992,,10,8.6,2.2
1/09/1992,,10,8.6,2.2
1/10/1992,,10,8.6,2.2
1/11/1992,,10,8.6,2.2
1/12/1992,,10,8.6,2.2
1/01/1993,,10,8.6,2.2
1/02/1993,,10,8.6,2.2
1/03/1993,,10,8.6,2.2
1/04/1993,,10,8.6,2.2
1/05/1993,,9.5,8.1,2.2
1/06/1993,,9.5,8.1,2.2
1/07/1993,,9.5,8.1,2.2
1/08/1993,,9.5,8.1,2.2
1/09/1993,,8.75,7.35,2.2
1/10/1993,,8.75,7.35,2.2
1/11/1993,,8.75,7.35,2.2
1/12/1993,,8.75,7.35,2.2
1/01/1994,,8.75,7.35,2.2
1/02/1994,,8.75,7.35,2.2
1/03/1994,,8.75,7.35,2.2
1/04/1994,,8.75,7.35,2.2
1/05/1994,,8.75,7.35,2.2
1/06/1994,,8.75,7.35,2.2
1/07/1994,,8.75,7.35,2.2
1/08/1994,,8.75,7.35,2.2
1/09/1994,,9.5,8.1,2.2
1/10/1994,,9.5,8.1,2.2
1/11/1994,,9.55,8.15,2.2
1/12/1994,,10.5,9.1,2.2
1/01/1995,,10.5,9.1,2.2
1/02/1995,,10.5,9.1,2.2
1/03/1995,,10.5,9.1,2.2
1/04/1995,,10.5,9.1,2.2
1/05/1995,,10.5,9.1,2.2
1/06/1995,,10.5,9.1,2.2
1/07/1995,,10.5,9.1,2.2
1/08/1995,,10.5,9.1,2.2
1/09/1995,,10.5,9.1,2.2
1/10/1995,,10.5,9.1,2.2
1/11/1995,,10.5,9.1,2.2
1/12/1995,,10.5,9.1,2.2
1/01/1996,,10.5,9.1,2.2
1/02/1996,,10.5,9.1,2.2
1/03/1996,,10.5,9.1,2.2
1/04/1996,,10.5,9.1,2.2
1/05/1996,,10.5,9.1,2.2
1/06/1996,,9.75,8.35,2.2
1/07/1996,,9.75,8.35,2.2
1/08/1996,,9.25,7.85,2.2
1/09/1996,,9.25,7.85,2.2
1/10/1996,,9.25,7.85,2.2
1/11/1996,,8.75,7.35,2.2
1/12/1996,,8.25,6.85,2.2
1/01/1997,,8.25,6.85,2.2
1/02/1997,,7.55,6.15,2.2
1/03/1997,,7.55,6.15,2.2
1/04/1997,,7.55,6.15,2.2
1/05/1997,,7.2,5.8,2.2
1/06/1997,,7.2,5.8,2.2
1/07/1997,,7.2,5.8,2.2
1/08/1997,,6.7,5.3,2.2
1/09/1997,,6.7,5.3,2.2
1/10/1997,,6.7,5.3,2.2
1/11/1997,,6.7,5.3,2.2
1/12/1997,,6.7,5.3,2.2
1/01/1998,,6.7,5.3,2.2
1/02/1998,,6.7,5.3,2.2
1/03/1998,,6.7,5.3,2.2
1/04/1998,,6.7,5.3,2.2
1/05/1998,,6.7,5.3,2.2
1/06/1998,,6.7,5.3,2.2
1/07/1998,,6.7,5.3,2.2
1/08/1998,,6.7,5.3,2.2
1/09/1998,,6.7,5.3,2.2
1/10/1998,,6.7,5.3,2.2
1/11/1998,,6.7,5.3,2.2
1/12/1998,,6.5,5.1,2.2
1/01/1999,,6.5,5.1,2.2
1/02/1999,,6.5,5.1,2.2
1/03/1999,,6.5,5.1,2.2
1/04/1999,,6.5,5.1,2.2
1/05/1999,,6.5,5.1,2.2
1/06/1999,,6.5,5.1,2.2
1/07/1999,,6.55,5.15,2.2
1/08/1999,,6.55,5.15,2.2
1/09/1999,,6.55,5.15,2.2
1/10/1999,,6.55,5.15,2.2
1/11/1999,,6.8,5.4,2.2
1/12/1999,,6.8,5.4,2.2
1/01/2000,,6.8,5.4,2.2
1/02/2000,,7.3,5.9,2.2
1/03/2000,,7.3,5.9,2.2
1/04/2000,,7.55,6.15,2.2
1/05/2000,,7.8,6.4,2.2
1/06/2000,,7.8,6.4,2.2
1/07/2000,,7.8,6.4,2.2
1/08/2000,,8.05,6.65,2.2
1/09/2000,,8.05,6.65,2.2
1/10/2000,,8.05,6.65,2.2
1/11/2000,,8.05,6.65,2.2
1/12/2000,,8.05,6.65,2.2
1/01/2001,,8.05,6.65,2.2
1/02/2001,,7.55,6.15,2.2
1/03/2001,,7.3,5.9,2.2
1/04/2001,,6.8,5.4,2.2
1/05/2001,,6.8,5.4,2.2
1/06/2001,,6.8,5.4,2.2
1/07/2001,,6.8,5.4,2.2
1/08/2001,,6.8,5.4,2.2
1/09/2001,,6.55,5.15,2.2
1/10/2001,,6.3,4.9,2.2
1/11/2001,,6.3,4.9,2.2
1/12/2001,,6.05,4.65,2.2
1/01/2002,,6.05,4.65,2.2
1/02/2002,,6.05,4.65,2.2
1/03/2002,,6.05,4.65,2.2
1/04/2002,,6.05,4.65,2.2
1/05/2002,,6.3,4.9,2.2
1/06/2002,,6.55,5.15,2.2
1/07/2002,,6.55,5.15,2.2
1/08/2002,,6.55,5.15,2.2
1/09/2002,,6.55,5.15,2.2
1/10/2002,,6.55,5.15,2.2
1/11/2002,,6.55,5.15,2.2
1/12/2002,,6.55,5.15,2.2
1/01/2003,,6.55,5.15,2.2
1/02/2003,,6.55,5.15,2.2
1/03/2003,,6.55,5.15,2.2
1/04/2003,,6.55,5.15,2.2
1/05/2003,,6.55,5.15,2.2
1/06/2003,,6.55,5.15,2.2
1/07/2003,,6.55,5.15,2.2
1/08/2003,,6.55,5.15,2.2
1/09/2003,,6.55,5.15,2.2
1/10/2003,,6.55,5.15,2.2
1/11/2003,,6.8,5.4,2.2
1/12/2003,,7.05,5.65,2.2
1/01/2004,,7.05,5.65,2.2
1/02/2004,,7.05,5.65,2.2
1/03/2004,,7.05,5.65,2.2
1/04/2004,,7.05,5.65,2.2
1/05/2004,,7.05,5.65,2.2
1/06/2004,,7.05,5.65,2.2
1/07/2004,,7.05,5.65,2.2
1/08/2004,,7.05,5.65,2.2
1/09/2004,,7.05,5.65,2.2
1/10/2004,,7.05,5.65,2.2
1/11/2004,,7.05,5.65,2.2
1/12/2004,,7.05,5.65,2.2
1/01/2005,,7.05,5.65,2.2
1/02/2005,,7.05,5.65,2.2
1/03/2005,,7.3,5.9,2.2
1/04/2005,,7.3,5.9,2.2
1/05/2005,,7.3,5.9,2.2
1/06/2005,,7.3,5.9,2.2
1/07/2005,,7.3,5.9,2.2
1/08/2005,,7.3,5.9,2.2
1/09/2005,,7.3,5.9,2.2
1/10/2005,,7.3,5.9,2.2
1/11/2005,,7.3,5.9,2.2
1/12/2005,,7.3,5.9,2.2
1/01/2006,,7.3,5.9,2.2
1/02/2006,,7.3,5.9,2.2
1/03/2006,,7.3,5.9,2.2
1/04/2006,,7.3,5.9,2.2
1/05/2006,,7.3,5.9,2.2
1/06/2006,,7.3,5.9,2.2
1/07/2006,,7.3,5.9,2.2
1/08/2006,,7.3,5.9,2.2
1/09/2006,,7.55,6.15,2.2
1/10/2006,,7.55,6.15,2.2
1/11/2006,,7.55,6.15,2.2
1/12/2006,,7.8,6.4,2.2
1/01/2007,,7.8,6.4,2.2
1/02/2007,,7.8,6.4,2.2
1/03/2007,,8.05,6.65,2.2
1/04/2007,,8.05,6.65,2.2
1/05/2007,,8.05,6.65,2.2
1/06/2007,,8.05,6.65,2.2
1/07/2007,,8.05,6.65,2.2
1/08/2007,,8.05,6.65,2.2
1/09/2007,,8.05,6.65,2.2
1/10/2007,,8.05,6.65,2.2
1/11/2007,,8.05,6.65,2.2
1/12/2007,,8.3,6.9,2.2
1/01/2008,,8.3,6.9,2.2
1/02/2008,,8.3,6.9,2.2
1/03/2008,,8.55,7.15,2.2
1/04/2008,,8.55,7.15,2.2
1/05/2008,,8.7,7.3,2.2
1/06/2008,,9,7.6,2.2
1/07/2008,,9.35,7.95,2.2
1/08/2008,,9.45,8.05,2.2
1/09/2008,,9.45,8.05,2.2
1/10/2008,,9.45,8.05,2.2
1/11/2008,,9.45,8.05,2.2
1/12/2008,,9.45,8.05,2.2
1/01/2009,,9.3,7.9,2.2
1/02/2009,,8.57,7.17,2.2
1/03/2009,,7.31,5.91,2.2
1/04/2009,,6.85,5.45,2.2
1/05/2009,,5.95,4.55,2.2
1/06/2009,,5.65,4.25,2.2
1/07/2009,,5.65,4.25,2.2
1/08/2009,,5.55,4.15,2.2
1/09/2009,,5.55,4.15,2.2
1/10/2009,,5.55,4.15,2.2
1/11/2009,,5.55,4.15,2.2
1/12/2009,,5.55,4.15,2.2
1/01/2010,,5.74,4.34,2.2
1/02/2010,,5.99,4.59,2.2
1/03/2010,,6.24,4.84,2.2
1/04/2010,,6.65,5.25,2.2
1/05/2010,,6.65,5.25,2.2
1/06/2010,,6.65,5.25,2.2
1/07/2010,,6.91,5.51,2.2
1/08/2010,,7.16,5.76,2.2
1/09/2010,,7.4,6,2.2
1/10/2010,,7.4,6,2.2
1/11/2010,,7.79,6.39,2.2
1/12/2010,,7.79,6.39,2.2
1/01/2011,,7.79,6.39,2.2
1/02/2011,,7.79,6.39,2.2
1/03/2011,,7.79,6.39,2.2
1/04/2011,,7.79,6.39,2.2
1/05/2010,,7.79,6.39,2.2
1/06/2011,,7.79,6.39,2.2
1/07/2011,,7.79,6.39,2.2
1/08/2011,,7.79,6.39,2.2
1/09/2011,,7.79,6.39,2.2
1/10/2011,,7.79,6.39,2.2
1/11/2011,,7.54,6.14,2.2
1/12/2011,,7.3,5.9,2.2
1/01/2012,,7.3,5.9,2.2
1/02/2012,,7.3,5.9,2.2
1/03/2012,,7.36,5.96,2.2
1/04/2012,,7.36,5.96,2.2
1/05/2012,,6.99,5.59,2.2
1/06/2012,,6.99,5.59,2.2
1/07/2012,,6.99,5.59,2.2
1/08/2012,,6.99,5.59,2.2
1/09/2012,,6.99,5.59,2.2
1/10/2012,,6.6,5.2,2.2
1/11/2012,,6.6,5.2,2.2
1/12/2012,,6.4,5,2.2
1/01/2013,,6.4,5,2.2
1/02/2013,,6.4,5,2.2
1/03/2013,,6.4,5,2.2
1/04/2013,,6.4,5,2.2
1/05/2013,,6.15,4.75,2.2
1/06/2013,,6.15,4.75,2.2
1/07/2013,,6.15,4.75,2.2
1/08/2013,,5.53,4.13,2.2
1/09/2013,,5.53,4.13,2.2
1/10/2013,,5.53,4.13,2.2
1/11/2013,,5.53,4.13,2.2
1/12/2013,,5.53,4.13,2.2
1/01/2013,,5.53,4.13,2.2
1/02/2014,,5.53,4.13,2.2
1/03/2014,,5.53,4.13,2.2
1/04/2014,,5.53,4.13,2.2
1/05/2014,,5.53,4.13,2.2
1/06/2014,,5.53,4.13,2.2
1/07/2014,,5.53,4.13,2.2
1/08/2014,,5.51,4.11,2.2
1/09/2014,,5.51,4.11,2.2
1/10/2014,,5.51,4.11,2.2
1/11/2014,,5.51,4.11,2.2
1/12/2014,,5.51,4.11,2.2
1/01/2015,,5.51,4.11,2.2
1/02/2015,,5.51,4.11,2.2
1/03/2015,,5.26,3.86,2.2
1/04/2015,,5.26,3.86,2.2
1/05/2015,,5.21,3.81,2.2
1/06/2015,,5.21,3.81,2.2
1/07/2015,,5.21,3.81,2.2
1/08/2015,,5.35,3.95,2.2
1/09/2015,,5.35,3.95,2.2
1/10/2015,,5.35,3.95,2.2
1/11/2015,,5.35,3.95,2.2
1/12/2015,,5.35,3.95,2.2
1/01/2016,,5.35,3.95,2.2
1/02/2016,,5.35,3.95,2.2
1/03/2016,3.745,5.1,3.7,2.2
1/04/2016,4.185,5.1,3.7,2.2
1/05/2016,4.363,5.1,3.7,2.2
1/06/2016,4.087,5.1,3.7,2.2
1/07/2016,3.811,5.1,3.7,2.2
1/08/2016,4.302,5.1,3.7,2.2
1/09/2016,3.97,4.95,3.55,2.2
1/10/2016,3.97,4.95,3.55,2.2
1/11/2016,3.921,4.95,3.55,2.2
1/12/2016,3.835,5.1,3.7,2.2
1/01/2017,4.1,5.1,3.7,2.2
1/02/2017,3.968,5.1,3.7,2.2
1/03/2017,3.82,5.1,3.7,2.2
1/04/2017,3.771,5.1,3.7,2.2
1/05/2017,4.292,5.1,3.7,2.2
1/06/2017,3.965,5.1,3.7,2.2
1/07/2017,3.931,5.1,3.7,2.2
1/08/2017,3.965,5.19,3.79,2.2
1/09/2017,3.822,5.19,3.79,2.2
1/10/2017,4.079,5.19,3.79,2.2
1/11/2017,3.967,5.19,3.79,2.2
1/12/2017,3.701,5.19,3.79,2.2
1/01/2018,4.206,5.19,3.79,2.2
1/02/2018,3.956,5.19,3.79,2.2
1/03/2018,3.531,5.19,3.79,2.2
1/04/2018,4.229,5.19,3.79,2.2
1/05/2018,3.982,5.19,3.79,2.2
1/06/2018,3.783,5.3,3.9,2.2
1/07/2018,4.104,5.35,3.95,2.2
1/08/2018,3.915,5.35,3.95,2.2
1/09/2018,3.653,5.35,3.95,2.2
1/10/2018,4.205,5.35,3.95,2.2
1/11/2018,3.948,5.35,3.95,2.2
1/12/2018,3.964,5.35,3.95,2.2
1/01/2019,3.95,5.35,3.95,2.2
